,Name,cl,dcl,cd_p,dcd_p,cd_tauw,dcd_tauw,cd,dcd,LD,dLD
0,Ref,1.31360,0.00000,0.04498,0.00000,0.00783,0.00000,0.05281,0.00000,24.87593,0.00000
1,Case A,1.32594,0.93916,0.04460,-0.83282,0.00816,4.20539,0.05276,-0.08567,25.13108,1.02571
2,Case B,1.34066,2.05962,0.04369,-2.86104,0.00942,20.26257,0.05311,0.56813,25.24486,1.48307
3,Case C,1.41633,7.81993,0.04917,9.31765,0.01410,80.06348,0.06327,19.80906,22.38663,-10.00686
4,Case D,1.32608,0.95012,0.04658,3.57866,0.00906,15.75083,0.05565,5.38376,23.82937,-4.20713
5,Case E,1.31189,-0.13073,0.04547,1.09769,0.00685,-12.47327,0.05232,-0.91484,25.07279,0.79135
