,Name,cl,cd,cd_p,cd_tauw,LD
0,Ref,1.313603e+00,5.280618e-02,4.497517e-02,7.831005e-03,2.487593e+01
1,Case A,1.325940e+00,5.276094e-02,4.460061e-02,8.160330e-03,2.513108e+01
2,Case B,1.340658e+00,5.310619e-02,4.368842e-02,9.417768e-03,2.524486e+01
3,Case C,1.416326e+00,6.326659e-02,4.916581e-02,1.410078e-02,2.238663e+01
